{
    "rmse": 506.1439795093241,
    "mse": 256181.72799353508,
    "r2score": 0.9995188184856925
}